,A,B,C,D,E,F,G,H,I,J,K,L,M,N,O,P,Q,R,S,T,U,V,W,X,ʧ
A,,Abs,Air Condintion,Ads,Ace,Africa,Angel,Ash,AI,Apple Juice,Ak-47,Ale,Arms,Ant,Afro,Apple,Aquarima,AR-15,Astronaut,Atom,Austraila,Avocado,Arrow,Axe,
B,Banana,,Bacon,Bed,Bee,Beef,Bag,Bath,Bike,Banjo,Book,Ball,Bomb,Bone,Boat,Backpack,BQQ,Bear,Bus,Bat,Bunny,Beaver,Bow,Box,
C,Canada,Cab,,CD,Cement,Coffee,Cage,Chair,CIA,Car Jack,Cake,Clock,Camera,Can,Coke,Cup,Croquet,Car,Case,Cat,Cucumber,Cave,Cow,Clorox,
D,Dad,Dab,Duck,,Deer,Daffy Duck,Dog,Dough,Diamond,DJ,Donkey Kong,Doll,Dime,Donut,Doritos,Dude Perfect,Dairy Queen,Doctor,DS,Dart,Dude,Dove,Dwarf,Ducks,
E,Eagle,Ebay,Eclipse,Edward,,Elf,Egg,Earth,Eight,Eject,Elk,Elephant,Elon Musk,English,Elmo,Earphones,Earthquake,Ear,East,E.T.,Europe,Elevator,Elbow,Exam,
F,Farm,FBI,Face,Food,Ferry,,Fog,Fish,Fire,FIJI,Fork,Flame,Fame,Fan,Foam,Flip,FAQ,Frog,Fish,Foot,Fuel,Five,Fireworks,Fox,
G,Gas,Goblin,Golf Club,God,Genie,Girlfriend,,Giant Hammer,Gift,Gold jacket,Go-Kart,Glove,Gold Medal,Green Nut,Goose,Giant Penguin,Green Queen,Grapes,Gas,Goat,Gun,Gravel,Gown,Gax,
H,Harp,HB,Handcuffs,Head,HE,HF,HG,,HI,High Jump,HK,HL,HM,Honey,HO,HP,HeadQuarters,Hair,HS,HT,HU,HV,HW,HX,
I,Iowa,Iceberg,IC,ID,IE,IF,IG,IHOP,,Ink Jet,Ikea,IL,IM,IN,IO,IP,IQ,IR,IS,IT,IU,IV,IW,IX,
J,Jar,JB,JC,Jedi,JE,JF,Jug,JH,JI," ",JK,JL,JM,Jeans,Joe,JP,jacuzzi,Jar,Jet Ski,JT,Juice,JV,JW,JX,
K,Katanna,KB,KC,Kid,KE,KFC,KG,Ink Jet,Kill,KJ,,KL,KM,KN,Knockout,Ketchup,King & Queen,KR,KS,KT,KU,KV,KW,KX,
L,Lamp,LB,Lace,,Lemon,LF,LG,LH,LI,LJ,Lake,,Lime,LN,LO,LP,Liquor,Laser,LS,Lettuce,Lunar,LV,LW,Lynx,
M,Mask,MB,MC,Mud,ME,MF,MG,MH,MI,MJ,Moneky,Milk,,MN,MO,MP,MacQueen,MR,MS,MT,MU,Movie,Microwave,Mexico,
N,Nail,NB,NC,ND,NE,Nerf,Nuggets,NH,NI,NJ,Nikey,NL,NM,,Nose,NP,Ninja,NR,NS,NT,NU,NV,NW,NX,
O,Oar,OB,Ocean,OD,OE,oil filter,Ogre,OH,,OJ,OK,OL,OM,ON,,OP,OQ,Oar,OS,OT,OU,OV,Owl,Ox,
P,Pan,PB,PC,PD,PE,PF,Pig,PH,Pie,Pajamas,PK,PL,PM,PN,PO,,PQ,PR,PS,PT,PU,PV,PW,PX,
Q,Quarter,QB,QC,Quad,QE,QF,QG,QH,QI,QJ,QK,QL,QM,QN,QO,QP,,QR,QS,QT,Quail,QV,QW,QX,
R,Radio,Robot,RC,Red,RE,Reef,RG,RH,RI,RJ,RK,RL,RM,RN,RO,RP,RQ,,RS,RT,RU,RV,RW,RX,
S,Sail,SB,SC,SD,SE,SF,SG,SH,SI,SJ,SK,SL,SM,SN,SO,SP,SQ,SR,,Saint,Suit,SV,SW,SX,
T,Table,TB,Tic-tac,TD,TE,TF,TG,TH,TI,TJ,TK,TL,TM,TN,TO,TP," ",TR,TS,,Tuesday,TV,Towel,TX,
U,Umbrella,UB,UC,Udder,UE,UF,UG,U-Hall,Unicorn,Union Jack,UK,UL,UM,UN," ",UP,Unique,UR,US,UT,,UV,Underwear,Tuxedo,
V,Vase,VB,Vacuum,Video,VE,VF,VG,VH,VI,VJ,VK,VL,VM,VN,VO,Viper,VQ,VR,Vase,Vet,VU,,VW,VX,
W,Wagon,WB,World Cup,Wood,WE,WF,WIg,WH,Wi-fi,WJ,WK,Wall,WM,Wine,WO,WP,WQ,WR,WS,WT,WU,Wave,,Wax,
X,Xylophone,Xbox,XC,XD,Xerox,XF,XG,XH,XI,XJ,XK,Excel,XM,XN,Tic-Tac-toe,Experince,XQ,XR,XS,Exit,XU,Xavier,XW,,
